{"stat.walkOneCm":8739,"achievement.openInventory":10,"stat.useItem.minecraft.flint_and_steel":3,"stat.leaveGame":3,"stat.useItem.minecraft.log":2,"stat.useItem.minecraft.tnt":53,"stat.mobKills":2,"stat.flyOneCm":79397,"stat.drop":4,"stat.jump":6,"stat.playOneMinute":10329,"stat.damageDealt":85,"stat.crouchOneCm":38,"stat.timeSinceDeath":10329,"achievement.mineWood":6,"stat.sprintOneCm":3428,"stat.useItem.minecraft.spawn_egg":16,"achievement.exploreAllBiomes":{"value":0,"progress":["Ice Plains","Jungle","Forest","Plains"]}}